CAR_COMPANY,MANUFACTURE,TYRE_COMPANY,PRE_OWNERS,SEATER,FUEL_TYPE,PRICE,ACCIDENT HISTORY,BODY,MILEGE
BMW,2019,MRF,1,4,PETROL,583000,NO,STEEL,220
HYUNDAI,2018,CEAT,2,7,DIESEL,2929000,YES,IRON,140
HYUNDAI,2017,MRF,5,7,DIESEL,5352000,YES,ALUMINIUM,40
TATA,2022,MRF,2,4,CNG,3952000,YES,ALUMINIUM,30
TATA,2016,CEAT,1,6,CNG,1456000,NO,IRON,150
AUDI,2016,MRF,2,4,DIESEL,3817000,NO,ALUMINIUM,140
TATA,2020,CEAT,4,6,CNG,2292000,YES,ALUMINIUM,120
HYUNDAI,2024,MRF,1,6,PETROL,5046000,YES,STEEL,160
HYUNDAI,2026,CEAT,5,6,DIESEL,2313000,YES,ALUMINIUM,90
HYUNDAI,2024,CEAT,5,7,PETROL,6909000,NO,IRON,240
SUZUKI,2024,CEAT,3,5,CNG,2520000,YES,ALUMINIUM,130
HONDA,2020,CEAT,4,7,ELECTRIC,5786000,NO,ALUMINIUM,210
SUZUKI,2025,MRF,5,4,DIESEL,2036000,YES,IRON,120
AUDI,2023,MRF,4,6,DIESEL,3854000,YES,IRON,40
HYUNDAI,2021,MRF,3,5,DIESEL,5864000,YES,ALUMINIUM,80
SUZUKI,2021,MRF,2,7,PETROL,459000,YES,STEEL,80
BMW,2022,CEAT,4,7,CNG,1670000,NO,IRON,220
HONDA,2022,CEAT,2,4,CNG,5697000,YES,STEEL,30
TATA,2020,CEAT,2,7,PETROL,6733000,NO,STEEL,190
HONDA,2020,CEAT,1,7,DIESEL,7330000,YES,IRON,60
TATA,2023,MRF,3,7,PETROL,7241000,YES,IRON,50
AUDI,2016,MRF,5,7,ELECTRIC,809000,NO,ALUMINIUM,170
SUZUKI,2017,MRF,4,5,ELECTRIC,894000,NO,STEEL,100
HONDA,2025,CEAT,4,4,ELECTRIC,6137000,NO,ALUMINIUM,130
HYUNDAI,2019,MRF,2,6,CNG,3390000,YES,IRON,170
HYUNDAI,2019,CEAT,2,5,ELECTRIC,3041000,NO,ALUMINIUM,190
AUDI,2023,CEAT,3,7,DIESEL,5333000,NO,IRON,220
AUDI,2017,CEAT,3,7,PETROL,5454000,YES,ALUMINIUM,160
HYUNDAI,2026,MRF,1,4,ELECTRIC,4331000,NO,IRON,150
AUDI,2026,CEAT,4,5,CNG,2076000,NO,IRON,130
BMW,2021,MRF,4,4,CNG,1762000,YES,ALUMINIUM,120
HYUNDAI,2024,MRF,1,6,CNG,5208000,NO,IRON,140
AUDI,2022,MRF,2,5,CNG,2929000,NO,IRON,180
BMW,2023,MRF,4,5,DIESEL,441000,YES,IRON,110
TATA,2025,MRF,5,7,DIESEL,507000,NO,ALUMINIUM,140
HYUNDAI,2018,MRF,1,6,PETROL,5368000,NO,IRON,140
SUZUKI,2020,CEAT,3,7,DIESEL,223000,YES,STEEL,160
HYUNDAI,2023,MRF,3,5,PETROL,2287000,NO,IRON,250
BMW,2026,CEAT,2,6,DIESEL,3144000,NO,IRON,180
HONDA,2026,CEAT,3,7,ELECTRIC,974000,NO,ALUMINIUM,160
TATA,2017,CEAT,1,7,ELECTRIC,6871000,YES,IRON,120
TATA,2019,CEAT,5,7,DIESEL,7496000,NO,ALUMINIUM,130
HYUNDAI,2020,CEAT,5,7,ELECTRIC,4684000,YES,ALUMINIUM,80
HONDA,2021,CEAT,5,5,CNG,6450000,NO,STEEL,190
TATA,2022,CEAT,4,5,DIESEL,3440000,YES,STEEL,60
AUDI,2017,CEAT,1,7,DIESEL,3219000,YES,IRON,100
HONDA,2025,CEAT,1,5,ELECTRIC,3635000,YES,STEEL,170
SUZUKI,2025,MRF,3,4,CNG,2322000,NO,IRON,180
HONDA,2021,CEAT,5,7,PETROL,496000,YES,STEEL,100
HONDA,2025,MRF,1,5,ELECTRIC,4824000,YES,STEEL,100
TATA,2018,MRF,1,4,ELECTRIC,5376000,YES,STEEL,80
BMW,2026,CEAT,3,6,ELECTRIC,7748000,YES,ALUMINIUM,100
BMW,2016,CEAT,3,6,CNG,1672000,YES,STEEL,30
AUDI,2020,MRF,2,5,ELECTRIC,7599000,NO,ALUMINIUM,90
SUZUKI,2020,MRF,4,7,CNG,3081000,YES,IRON,70
TATA,2019,MRF,2,5,DIESEL,2902000,NO,ALUMINIUM,110
HONDA,2017,MRF,4,4,ELECTRIC,7851000,YES,STEEL,160
HONDA,2023,CEAT,2,6,DIESEL,7279000,NO,ALUMINIUM,190
SUZUKI,2019,CEAT,2,7,DIESEL,2094000,NO,ALUMINIUM,130
BMW,2017,MRF,1,6,ELECTRIC,5913000,YES,ALUMINIUM,60
TATA,2024,MRF,3,7,CNG,4734000,YES,STEEL,110
HONDA,2026,CEAT,3,4,ELECTRIC,3760000,YES,ALUMINIUM,150
BMW,2018,MRF,1,4,PETROL,5085000,NO,STEEL,220
TATA,2020,CEAT,4,7,ELECTRIC,6928000,NO,IRON,160
AUDI,2021,CEAT,2,4,PETROL,6214000,NO,ALUMINIUM,150
BMW,2020,CEAT,3,6,ELECTRIC,5916000,YES,IRON,60
SUZUKI,2022,MRF,4,5,PETROL,1158000,NO,ALUMINIUM,180
HYUNDAI,2022,CEAT,3,7,DIESEL,6647000,YES,IRON,90
HONDA,2019,MRF,5,7,CNG,4743000,YES,IRON,90
HONDA,2016,CEAT,3,7,ELECTRIC,3428000,YES,ALUMINIUM,140
TATA,2023,CEAT,4,6,ELECTRIC,5777000,YES,ALUMINIUM,140
BMW,2021,MRF,4,6,CNG,1076000,NO,IRON,120
HONDA,2026,CEAT,1,5,CNG,7819000,YES,STEEL,80
AUDI,2022,MRF,3,4,PETROL,4498000,YES,STEEL,80
TATA,2016,CEAT,2,5,PETROL,3911000,YES,IRON,60
HONDA,2025,CEAT,2,4,DIESEL,5323000,NO,ALUMINIUM,90
HONDA,2017,CEAT,4,5,PETROL,4143000,NO,ALUMINIUM,110
AUDI,2023,CEAT,2,4,PETROL,6723000,YES,ALUMINIUM,40
SUZUKI,2021,MRF,1,4,CNG,1566000,NO,ALUMINIUM,200
TATA,2024,MRF,2,4,PETROL,5927000,NO,STEEL,170
SUZUKI,2016,MRF,3,7,ELECTRIC,3468000,NO,IRON,110
SUZUKI,2020,MRF,1,4,CNG,3828000,YES,ALUMINIUM,130
HONDA,2018,CEAT,4,4,ELECTRIC,2228000,YES,IRON,140
SUZUKI,2024,CEAT,5,4,ELECTRIC,4586000,YES,STEEL,140
BMW,2022,CEAT,2,5,CNG,684000,NO,STEEL,200
SUZUKI,2019,MRF,4,7,CNG,398000,YES,STEEL,170
BMW,2024,CEAT,1,5,ELECTRIC,4851000,NO,IRON,160
SUZUKI,2017,CEAT,3,7,CNG,4548000,YES,IRON,60
TATA,2025,CEAT,1,5,ELECTRIC,3878000,YES,ALUMINIUM,130
TATA,2021,MRF,5,6,CNG,3251000,YES,IRON,120
SUZUKI,2018,CEAT,2,4,CNG,3957000,YES,STEEL,50
HYUNDAI,2023,MRF,5,4,DIESEL,3385000,NO,IRON,150
TATA,2017,CEAT,3,5,DIESEL,4829000,YES,ALUMINIUM,120
HONDA,2023,MRF,3,5,DIESEL,899000,NO,ALUMINIUM,190
SUZUKI,2026,CEAT,3,4,CNG,6529000,NO,IRON,220
BMW,2026,CEAT,2,7,DIESEL,4651000,YES,IRON,20
AUDI,2023,MRF,4,5,ELECTRIC,3066000,YES,STEEL,140
HYUNDAI,2018,CEAT,4,4,PETROL,3855000,YES,IRON,40
AUDI,2016,CEAT,2,6,CNG,5717000,NO,IRON,120
SUZUKI,2016,CEAT,4,4,DIESEL,4253000,YES,STEEL,160
HONDA,2024,CEAT,3,5,DIESEL,6965000,NO,ALUMINIUM,180
HONDA,2016,MRF,1,6,CNG,5270000,NO,STEEL,190
HYUNDAI,2022,CEAT,4,4,DIESEL,7140000,YES,IRON,40
HYUNDAI,2021,MRF,2,4,CNG,7830000,NO,STEEL,200
BMW,2016,CEAT,1,7,DIESEL,3987000,YES,ALUMINIUM,50
SUZUKI,2022,MRF,4,5,PETROL,2068000,NO,STEEL,180
BMW,2025,CEAT,1,5,PETROL,269000,YES,STEEL,120
SUZUKI,2021,MRF,1,5,CNG,1769000,NO,STEEL,150
SUZUKI,2018,MRF,4,6,PETROL,5120000,YES,STEEL,30
TATA,2022,CEAT,1,7,ELECTRIC,7499000,YES,ALUMINIUM,110
BMW,2024,CEAT,3,7,CNG,7156000,YES,ALUMINIUM,170
BMW,2017,MRF,3,6,ELECTRIC,1700000,YES,STEEL,110
HONDA,2019,CEAT,1,5,ELECTRIC,2131000,NO,IRON,180
HONDA,2020,MRF,4,5,DIESEL,1255000,NO,IRON,90
TATA,2022,MRF,5,5,ELECTRIC,5650000,NO,IRON,230
BMW,2022,CEAT,2,7,CNG,4142000,YES,IRON,110
HYUNDAI,2025,MRF,3,6,ELECTRIC,5651000,YES,ALUMINIUM,180
SUZUKI,2021,CEAT,5,6,PETROL,4075000,NO,STEEL,100
AUDI,2020,MRF,2,5,DIESEL,6809000,YES,ALUMINIUM,40
AUDI,2018,CEAT,5,5,DIESEL,6141000,NO,STEEL,100
BMW,2020,CEAT,2,7,CNG,2476000,NO,ALUMINIUM,220
HYUNDAI,2022,MRF,4,5,PETROL,5441000,NO,ALUMINIUM,240
TATA,2024,MRF,5,5,PETROL,6366000,YES,STEEL,60
BMW,2020,CEAT,1,5,DIESEL,670000,NO,STEEL,140
HYUNDAI,2021,MRF,5,7,CNG,517000,NO,ALUMINIUM,110
SUZUKI,2021,CEAT,2,5,DIESEL,5321000,YES,ALUMINIUM,140
TATA,2019,CEAT,1,4,DIESEL,7721000,YES,STEEL,110
SUZUKI,2022,CEAT,1,7,PETROL,4613000,NO,IRON,190
HYUNDAI,2026,MRF,5,5,CNG,4766000,NO,IRON,170
TATA,2023,MRF,5,7,DIESEL,5402000,NO,STEEL,190
SUZUKI,2018,MRF,5,7,PETROL,3788000,NO,STEEL,90
HYUNDAI,2016,CEAT,4,7,CNG,4506000,YES,ALUMINIUM,40
HONDA,2026,CEAT,5,5,ELECTRIC,3057000,YES,ALUMINIUM,160
TATA,2023,CEAT,1,5,PETROL,5370000,YES,ALUMINIUM,80
TATA,2021,MRF,2,5,DIESEL,3619000,YES,ALUMINIUM,60
HYUNDAI,2019,MRF,4,6,ELECTRIC,6302000,YES,IRON,160
TATA,2021,CEAT,5,7,CNG,6517000,NO,ALUMINIUM,100
HYUNDAI,2024,CEAT,3,6,PETROL,2309000,YES,STEEL,140
TATA,2017,CEAT,3,5,DIESEL,6324000,YES,STEEL,140
HONDA,2024,CEAT,4,4,CNG,4885000,NO,IRON,90
TATA,2017,CEAT,3,5,PETROL,2186000,YES,STEEL,40
BMW,2026,MRF,1,6,ELECTRIC,6530000,YES,IRON,160
BMW,2019,CEAT,3,7,CNG,6598000,YES,ALUMINIUM,160
AUDI,2017,CEAT,3,4,CNG,1788000,NO,IRON,160
BMW,2017,MRF,3,4,PETROL,3141000,YES,IRON,40
TATA,2023,CEAT,5,6,ELECTRIC,6429000,YES,IRON,100
AUDI,2022,CEAT,5,4,CNG,4362000,YES,IRON,170
SUZUKI,2024,CEAT,5,4,ELECTRIC,6625000,NO,STEEL,250
AUDI,2019,MRF,3,5,DIESEL,3780000,YES,IRON,130
HYUNDAI,2025,CEAT,1,4,ELECTRIC,5664000,YES,STEEL,20
HONDA,2019,MRF,3,4,CNG,1902000,YES,ALUMINIUM,50
HONDA,2024,MRF,5,4,CNG,2578000,YES,IRON,40
AUDI,2020,CEAT,2,6,DIESEL,560000,YES,STEEL,110
SUZUKI,2017,MRF,4,5,PETROL,6847000,NO,ALUMINIUM,110
HONDA,2019,MRF,5,6,DIESEL,2406000,YES,ALUMINIUM,20
AUDI,2017,MRF,4,7,ELECTRIC,3943000,YES,STEEL,60
TATA,2025,MRF,4,7,DIESEL,7439000,NO,STEEL,150
BMW,2021,MRF,1,4,PETROL,4590000,YES,STEEL,120
HYUNDAI,2017,CEAT,3,6,PETROL,923000,YES,ALUMINIUM,60
AUDI,2021,CEAT,2,7,ELECTRIC,6309000,NO,STEEL,170
AUDI,2019,CEAT,1,5,DIESEL,5873000,YES,STEEL,40
SUZUKI,2022,MRF,4,7,DIESEL,7869000,YES,STEEL,100
HONDA,2021,MRF,2,4,DIESEL,2514000,NO,STEEL,90
AUDI,2025,CEAT,5,4,ELECTRIC,7256000,YES,ALUMINIUM,130
HONDA,2024,MRF,1,6,ELECTRIC,5276000,YES,STEEL,20
BMW,2016,CEAT,4,7,ELECTRIC,4073000,YES,STEEL,130
HONDA,2025,CEAT,5,4,CNG,7551000,NO,STEEL,150
AUDI,2024,CEAT,4,7,CNG,1038000,YES,STEEL,30
TATA,2022,CEAT,2,4,ELECTRIC,4501000,NO,IRON,130
AUDI,2018,MRF,5,4,ELECTRIC,7687000,YES,STEEL,60
TATA,2019,CEAT,4,4,CNG,6301000,YES,STEEL,140
HONDA,2016,CEAT,2,7,DIESEL,4966000,YES,STEEL,40
HYUNDAI,2022,MRF,4,5,ELECTRIC,1055000,NO,ALUMINIUM,110
HONDA,2023,MRF,1,4,PETROL,4861000,YES,STEEL,40
HONDA,2018,CEAT,2,5,ELECTRIC,2833000,NO,ALUMINIUM,100
AUDI,2022,CEAT,5,6,CNG,3311000,NO,IRON,210
TATA,2022,CEAT,3,7,CNG,627000,YES,ALUMINIUM,50
TATA,2022,CEAT,4,7,ELECTRIC,1260000,YES,IRON,20
AUDI,2021,MRF,2,6,PETROL,449000,YES,STEEL,130
AUDI,2023,MRF,2,5,ELECTRIC,4113000,NO,IRON,160
AUDI,2018,MRF,1,6,DIESEL,4861000,YES,STEEL,130
TATA,2019,MRF,2,5,PETROL,3755000,NO,IRON,210
HYUNDAI,2024,CEAT,2,4,PETROL,3254000,NO,ALUMINIUM,160
HYUNDAI,2019,MRF,5,7,DIESEL,2265000,NO,IRON,220
TATA,2021,CEAT,5,6,CNG,7835000,NO,ALUMINIUM,130
SUZUKI,2016,MRF,2,5,DIESEL,1490000,NO,STEEL,240
SUZUKI,2018,MRF,2,4,PETROL,7789000,YES,IRON,180
BMW,2026,CEAT,5,6,ELECTRIC,4875000,NO,STEEL,230
SUZUKI,2024,CEAT,1,4,PETROL,1410000,NO,ALUMINIUM,110
AUDI,2025,MRF,1,4,ELECTRIC,4865000,NO,IRON,220
HONDA,2017,CEAT,3,5,PETROL,1809000,YES,STEEL,170
AUDI,2019,CEAT,2,4,CNG,4012000,YES,IRON,120
BMW,2024,MRF,3,7,CNG,5764000,NO,ALUMINIUM,210
AUDI,2023,MRF,2,4,PETROL,4764000,YES,IRON,30
SUZUKI,2020,CEAT,1,6,CNG,7046000,YES,ALUMINIUM,120
AUDI,2026,MRF,4,7,DIESEL,4156000,YES,STEEL,70
HONDA,2016,MRF,3,5,DIESEL,2383000,YES,IRON,150
HONDA,2017,MRF,4,6,ELECTRIC,7397000,YES,STEEL,150
TATA,2023,CEAT,4,5,ELECTRIC,1242000,NO,IRON,120
HONDA,2017,CEAT,5,6,CNG,1045000,YES,ALUMINIUM,140
SUZUKI,2018,CEAT,4,4,CNG,1116000,NO,STEEL,130
HYUNDAI,2020,MRF,3,6,CNG,4770000,YES,STEEL,120
HONDA,2020,MRF,5,7,CNG,1034000,NO,ALUMINIUM,160
HONDA,2023,MRF,2,4,ELECTRIC,4789000,NO,IRON,130
SUZUKI,2022,CEAT,2,5,PETROL,4307000,NO,IRON,190
TATA,2019,CEAT,5,7,PETROL,4814000,NO,IRON,180
BMW,2026,CEAT,3,7,CNG,3146000,NO,ALUMINIUM,230
AUDI,2020,CEAT,5,6,DIESEL,5569000,YES,ALUMINIUM,110
HYUNDAI,2016,MRF,2,4,CNG,5313000,NO,STEEL,100
SUZUKI,2020,CEAT,2,4,DIESEL,6267000,NO,STEEL,180
HONDA,2021,CEAT,1,7,CNG,7948000,NO,ALUMINIUM,110
SUZUKI,2021,CEAT,1,6,DIESEL,7530000,NO,ALUMINIUM,150
AUDI,2023,CEAT,4,4,DIESEL,607000,YES,ALUMINIUM,80
HYUNDAI,2023,CEAT,2,6,CNG,6521000,NO,ALUMINIUM,230
BMW,2022,CEAT,2,4,DIESEL,4398000,NO,IRON,240
TATA,2019,CEAT,5,7,CNG,1167000,NO,STEEL,100
HYUNDAI,2022,CEAT,3,6,ELECTRIC,617000,YES,STEEL,20
HYUNDAI,2024,MRF,2,6,PETROL,4485000,NO,STEEL,210
HONDA,2019,MRF,3,5,CNG,689000,NO,IRON,140
AUDI,2017,MRF,4,4,PETROL,129000,YES,IRON,130
HYUNDAI,2025,CEAT,3,4,CNG,1486000,NO,ALUMINIUM,90
AUDI,2020,CEAT,1,6,CNG,6067000,NO,ALUMINIUM,130
BMW,2020,CEAT,1,7,CNG,494000,NO,STEEL,160
TATA,2026,MRF,2,7,CNG,7746000,NO,IRON,190
BMW,2018,MRF,1,7,PETROL,6629000,YES,ALUMINIUM,30
HYUNDAI,2023,MRF,1,4,DIESEL,4615000,NO,ALUMINIUM,180
AUDI,2019,MRF,4,6,PETROL,4331000,NO,ALUMINIUM,210
HYUNDAI,2024,MRF,4,4,CNG,4720000,YES,IRON,50
HYUNDAI,2020,CEAT,5,5,CNG,6334000,YES,IRON,160
TATA,2026,MRF,1,7,ELECTRIC,2013000,NO,ALUMINIUM,120
TATA,2025,MRF,4,4,CNG,115000,YES,IRON,160
SUZUKI,2019,MRF,2,7,ELECTRIC,1168000,YES,ALUMINIUM,30
SUZUKI,2016,MRF,2,4,DIESEL,4023000,NO,STEEL,150
HONDA,2020,MRF,3,7,DIESEL,4580000,NO,ALUMINIUM,210
TATA,2024,MRF,4,6,DIESEL,4370000,YES,ALUMINIUM,120
HONDA,2024,CEAT,1,7,PETROL,1186000,NO,STEEL,160
TATA,2017,MRF,1,4,PETROL,2666000,NO,IRON,200
BMW,2020,MRF,4,7,PETROL,2411000,YES,STEEL,40
AUDI,2019,CEAT,4,7,ELECTRIC,3566000,YES,IRON,120
AUDI,2017,MRF,2,6,PETROL,742000,YES,ALUMINIUM,170
TATA,2017,MRF,2,7,DIESEL,6861000,YES,STEEL,50
HONDA,2019,MRF,1,6,ELECTRIC,1936000,YES,STEEL,170
HONDA,2019,MRF,1,5,ELECTRIC,1512000,YES,IRON,170
TATA,2018,MRF,2,7,PETROL,6557000,NO,IRON,150
SUZUKI,2021,MRF,4,7,CNG,7774000,NO,ALUMINIUM,230
AUDI,2020,CEAT,2,7,ELECTRIC,1106000,NO,STEEL,170
TATA,2021,MRF,4,4,ELECTRIC,534000,NO,ALUMINIUM,190
SUZUKI,2023,MRF,5,5,ELECTRIC,4476000,NO,STEEL,140
TATA,2019,MRF,2,4,DIESEL,6832000,YES,ALUMINIUM,130
HONDA,2023,CEAT,4,4,CNG,4087000,YES,ALUMINIUM,60
AUDI,2020,MRF,1,6,DIESEL,2618000,NO,IRON,100
BMW,2018,CEAT,5,6,ELECTRIC,6341000,NO,STEEL,230
HYUNDAI,2016,CEAT,4,4,ELECTRIC,821000,YES,ALUMINIUM,80
BMW,2017,CEAT,2,7,PETROL,5212000,NO,STEEL,210
BMW,2023,CEAT,5,4,PETROL,1839000,NO,ALUMINIUM,200
BMW,2021,CEAT,2,5,ELECTRIC,1602000,YES,ALUMINIUM,130
HYUNDAI,2022,MRF,1,5,CNG,5136000,YES,IRON,70
TATA,2025,MRF,1,6,PETROL,875000,NO,STEEL,230
BMW,2024,CEAT,2,6,ELECTRIC,2780000,YES,STEEL,170
HONDA,2016,MRF,4,4,DIESEL,7067000,YES,ALUMINIUM,40
BMW,2024,CEAT,4,4,CNG,4512000,NO,IRON,90
HYUNDAI,2025,MRF,1,6,CNG,493000,NO,IRON,170
HYUNDAI,2016,MRF,1,4,DIESEL,1887000,YES,IRON,90
HYUNDAI,2022,MRF,4,6,ELECTRIC,4550000,YES,IRON,100
SUZUKI,2023,CEAT,1,7,ELECTRIC,5301000,NO,STEEL,200
BMW,2020,MRF,4,6,DIESEL,778000,NO,IRON,100
AUDI,2021,MRF,3,5,PETROL,1542000,YES,ALUMINIUM,70
TATA,2016,CEAT,5,5,DIESEL,873000,YES,ALUMINIUM,150
SUZUKI,2019,MRF,2,4,CNG,7861000,NO,IRON,130
SUZUKI,2025,MRF,5,4,CNG,5431000,YES,STEEL,80
TATA,2021,MRF,5,4,PETROL,4504000,YES,STEEL,160
BMW,2024,CEAT,2,7,PETROL,5796000,NO,STEEL,220
HONDA,2020,CEAT,3,5,ELECTRIC,3323000,NO,ALUMINIUM,240
HYUNDAI,2019,CEAT,4,6,PETROL,5830000,YES,ALUMINIUM,90
BMW,2020,CEAT,5,5,DIESEL,2116000,NO,IRON,180
TATA,2022,CEAT,4,4,CNG,2335000,YES,STEEL,60
AUDI,2024,MRF,1,7,PETROL,2983000,NO,ALUMINIUM,230
TATA,2017,MRF,2,5,PETROL,4847000,NO,IRON,240
HYUNDAI,2019,MRF,3,4,DIESEL,3124000,YES,IRON,150
BMW,2022,MRF,3,4,DIESEL,1288000,NO,IRON,130
HONDA,2023,MRF,1,5,PETROL,2466000,YES,ALUMINIUM,80
TATA,2024,CEAT,5,7,PETROL,2722000,YES,STEEL,60
AUDI,2017,CEAT,2,5,CNG,6415000,YES,IRON,70
AUDI,2022,CEAT,2,7,PETROL,5164000,NO,STEEL,240
SUZUKI,2022,CEAT,1,6,DIESEL,2004000,NO,STEEL,100
BMW,2024,MRF,4,7,CNG,5469000,NO,ALUMINIUM,160
TATA,2022,MRF,4,7,ELECTRIC,2084000,YES,IRON,170
BMW,2019,MRF,2,5,PETROL,5835000,YES,STEEL,90
TATA,2019,CEAT,3,7,DIESEL,1068000,YES,STEEL,90
AUDI,2020,CEAT,2,6,PETROL,6174000,YES,ALUMINIUM,30
SUZUKI,2025,MRF,1,4,ELECTRIC,401000,NO,IRON,200
SUZUKI,2017,MRF,4,4,ELECTRIC,1667000,YES,ALUMINIUM,120
HONDA,2024,MRF,4,5,DIESEL,2377000,NO,STEEL,230
AUDI,2022,CEAT,2,4,PETROL,4223000,YES,STEEL,20
SUZUKI,2021,MRF,1,5,CNG,3372000,YES,IRON,70
SUZUKI,2020,MRF,1,6,CNG,7656000,YES,ALUMINIUM,20
AUDI,2019,CEAT,5,6,PETROL,5107000,NO,ALUMINIUM,120
HONDA,2020,CEAT,5,5,PETROL,6502000,NO,IRON,160
TATA,2017,MRF,4,6,ELECTRIC,1472000,YES,STEEL,90
BMW,2017,CEAT,4,6,PETROL,2043000,NO,STEEL,120
TATA,2024,CEAT,3,7,CNG,7259000,NO,ALUMINIUM,210
HYUNDAI,2019,CEAT,2,7,DIESEL,3538000,NO,ALUMINIUM,190
AUDI,2020,CEAT,5,7,CNG,6175000,NO,ALUMINIUM,110
SUZUKI,2020,CEAT,1,7,ELECTRIC,2803000,YES,STEEL,140
AUDI,2026,CEAT,2,4,CNG,6801000,NO,ALUMINIUM,120
HONDA,2025,CEAT,3,4,DIESEL,3358000,NO,STEEL,180
BMW,2017,CEAT,5,4,CNG,1960000,NO,ALUMINIUM,210
TATA,2024,MRF,1,6,DIESEL,5228000,NO,STEEL,250
HYUNDAI,2025,MRF,5,5,DIESEL,5927000,NO,IRON,230
TATA,2023,MRF,3,5,PETROL,221000,YES,ALUMINIUM,50
HONDA,2024,CEAT,2,4,ELECTRIC,653000,YES,STEEL,60
AUDI,2021,MRF,4,4,ELECTRIC,1932000,NO,STEEL,110
HONDA,2025,MRF,5,4,CNG,6707000,YES,ALUMINIUM,70
AUDI,2022,MRF,5,6,PETROL,6600000,NO,STEEL,200
BMW,2016,CEAT,4,5,DIESEL,6576000,YES,STEEL,170
BMW,2020,MRF,1,4,ELECTRIC,391000,YES,STEEL,30
HONDA,2022,CEAT,4,6,DIESEL,2605000,YES,IRON,70
AUDI,2017,CEAT,1,7,CNG,794000,YES,IRON,170
BMW,2022,MRF,4,4,DIESEL,2496000,YES,STEEL,170
SUZUKI,2017,MRF,2,7,DIESEL,1685000,YES,STEEL,120
BMW,2026,CEAT,1,4,CNG,1231000,NO,ALUMINIUM,240
TATA,2016,MRF,3,5,ELECTRIC,6388000,YES,IRON,40
BMW,2026,CEAT,5,4,PETROL,2311000,NO,IRON,110
AUDI,2024,CEAT,2,7,CNG,1469000,YES,IRON,150
SUZUKI,2018,CEAT,2,4,PETROL,8020000,NO,IRON,190
TATA,2026,CEAT,3,6,DIESEL,6908000,NO,IRON,110
TATA,2021,CEAT,1,5,PETROL,4082000,YES,STEEL,100
AUDI,2020,CEAT,5,7,PETROL,6507000,YES,STEEL,50
TATA,2023,MRF,3,6,ELECTRIC,7081000,NO,IRON,250
BMW,2024,CEAT,3,5,PETROL,2267000,NO,IRON,210
AUDI,2020,MRF,5,6,DIESEL,6057000,NO,ALUMINIUM,120
HONDA,2026,MRF,3,5,PETROL,6383000,YES,ALUMINIUM,180
HYUNDAI,2021,CEAT,5,6,DIESEL,4611000,NO,STEEL,170
HYUNDAI,2025,CEAT,2,4,ELECTRIC,6713000,NO,ALUMINIUM,220
SUZUKI,2018,MRF,3,7,CNG,3451000,YES,STEEL,100
BMW,2019,MRF,2,6,DIESEL,6788000,NO,ALUMINIUM,140
AUDI,2026,MRF,1,5,CNG,4960000,YES,STEEL,130
SUZUKI,2018,MRF,4,5,ELECTRIC,6438000,YES,IRON,40
SUZUKI,2023,MRF,5,7,PETROL,2694000,YES,IRON,60
BMW,2025,CEAT,1,4,ELECTRIC,6837000,NO,IRON,250
HONDA,2019,MRF,5,7,CNG,6191000,YES,STEEL,40
TATA,2022,CEAT,5,4,DIESEL,5901000,YES,ALUMINIUM,180
SUZUKI,2026,CEAT,3,4,CNG,3236000,YES,STEEL,180
BMW,2026,MRF,3,4,ELECTRIC,6073000,NO,IRON,190
AUDI,2024,CEAT,2,7,CNG,3255000,NO,IRON,160
BMW,2022,CEAT,1,7,CNG,1997000,NO,IRON,230
SUZUKI,2016,MRF,1,6,CNG,3017000,NO,ALUMINIUM,130
TATA,2018,MRF,3,7,ELECTRIC,653000,NO,STEEL,130
HYUNDAI,2025,MRF,2,4,CNG,4446000,YES,STEEL,80
AUDI,2023,MRF,3,7,ELECTRIC,6764000,YES,ALUMINIUM,70
HONDA,2026,CEAT,3,6,ELECTRIC,3438000,NO,IRON,220
HYUNDAI,2020,CEAT,2,4,DIESEL,7165000,NO,ALUMINIUM,250
SUZUKI,2016,MRF,5,6,DIESEL,5525000,NO,ALUMINIUM,160
SUZUKI,2017,CEAT,2,5,DIESEL,4636000,YES,ALUMINIUM,120
HYUNDAI,2017,MRF,5,5,ELECTRIC,4885000,NO,STEEL,220
TATA,2026,MRF,2,7,CNG,7061000,NO,STEEL,140
HONDA,2020,MRF,2,6,PETROL,5168000,NO,STEEL,170
TATA,2016,CEAT,4,5,PETROL,734000,YES,STEEL,40
SUZUKI,2020,MRF,4,6,PETROL,6650000,YES,STEEL,100
BMW,2023,MRF,3,6,CNG,7813000,NO,ALUMINIUM,170
SUZUKI,2017,CEAT,2,4,PETROL,4467000,NO,STEEL,110
BMW,2022,CEAT,5,6,DIESEL,2251000,NO,STEEL,150
HONDA,2019,CEAT,5,6,DIESEL,788000,YES,ALUMINIUM,110
HONDA,2019,MRF,3,7,ELECTRIC,3574000,NO,STEEL,140
SUZUKI,2022,CEAT,3,6,PETROL,4977000,YES,STEEL,20
BMW,2017,CEAT,5,4,PETROL,708000,YES,STEEL,90
HYUNDAI,2025,MRF,5,6,CNG,1647000,YES,ALUMINIUM,100
BMW,2025,MRF,5,4,DIESEL,7900000,NO,STEEL,220
HONDA,2023,CEAT,1,4,PETROL,3351000,NO,IRON,100
AUDI,2019,CEAT,1,5,ELECTRIC,5833000,NO,STEEL,120
AUDI,2019,CEAT,2,5,PETROL,4527000,YES,ALUMINIUM,70
HONDA,2016,CEAT,2,4,CNG,2277000,YES,ALUMINIUM,180
SUZUKI,2018,MRF,5,4,ELECTRIC,6414000,NO,IRON,140
TATA,2025,MRF,1,5,CNG,1134000,NO,IRON,170
TATA,2019,CEAT,3,5,ELECTRIC,3548000,NO,STEEL,210
HONDA,2025,CEAT,5,4,DIESEL,2719000,YES,IRON,150
HONDA,2021,CEAT,1,5,CNG,692000,NO,IRON,120
TATA,2023,MRF,2,4,PETROL,4278000,YES,IRON,110
AUDI,2025,CEAT,3,6,PETROL,5371000,YES,IRON,40
BMW,2024,CEAT,1,7,ELECTRIC,7143000,YES,ALUMINIUM,160
HONDA,2026,CEAT,5,6,CNG,2861000,NO,ALUMINIUM,240
HONDA,2017,CEAT,2,5,PETROL,6223000,NO,ALUMINIUM,210
SUZUKI,2024,MRF,4,5,DIESEL,2004000,YES,ALUMINIUM,110
BMW,2024,CEAT,2,5,CNG,5685000,NO,IRON,140
SUZUKI,2021,MRF,1,5,PETROL,652000,NO,STEEL,130
SUZUKI,2022,MRF,4,7,CNG,2753000,NO,STEEL,170
SUZUKI,2023,CEAT,2,6,ELECTRIC,6601000,YES,ALUMINIUM,170
BMW,2019,MRF,2,7,DIESEL,4809000,YES,IRON,160
HONDA,2026,CEAT,2,6,ELECTRIC,6628000,YES,ALUMINIUM,40
BMW,2020,MRF,5,7,ELECTRIC,5354000,YES,ALUMINIUM,80
TATA,2017,MRF,4,7,CNG,7029000,YES,ALUMINIUM,130
HONDA,2018,MRF,5,4,PETROL,4030000,NO,STEEL,240
AUDI,2025,CEAT,5,5,ELECTRIC,1080000,NO,STEEL,190
BMW,2023,MRF,3,7,PETROL,3122000,YES,IRON,180
HONDA,2025,MRF,1,6,DIESEL,5906000,NO,ALUMINIUM,90
HYUNDAI,2024,MRF,5,4,PETROL,1803000,YES,ALUMINIUM,150
SUZUKI,2024,CEAT,2,4,DIESEL,4911000,NO,IRON,110
HYUNDAI,2018,CEAT,4,6,CNG,2840000,NO,STEEL,220
SUZUKI,2022,CEAT,2,7,DIESEL,730000,YES,ALUMINIUM,50
HONDA,2026,MRF,2,5,CNG,5337000,YES,ALUMINIUM,30
HONDA,2020,CEAT,4,6,CNG,5044000,NO,ALUMINIUM,100
BMW,2024,CEAT,3,7,PETROL,7649000,YES,STEEL,140
BMW,2022,MRF,5,6,ELECTRIC,6047000,YES,ALUMINIUM,90
HYUNDAI,2019,CEAT,1,7,CNG,2318000,YES,ALUMINIUM,60
TATA,2017,CEAT,4,5,CNG,1847000,YES,IRON,150
HYUNDAI,2019,MRF,1,6,PETROL,2615000,YES,IRON,50
AUDI,2020,CEAT,1,4,ELECTRIC,2339000,YES,IRON,30
TATA,2022,CEAT,3,5,CNG,6896000,NO,IRON,140
SUZUKI,2018,CEAT,2,4,DIESEL,3617000,YES,ALUMINIUM,20
AUDI,2024,CEAT,5,7,ELECTRIC,4598000,NO,STEEL,120
SUZUKI,2017,CEAT,1,4,ELECTRIC,5018000,YES,ALUMINIUM,50
BMW,2018,MRF,4,6,CNG,5268000,YES,STEEL,60
HONDA,2016,MRF,4,6,PETROL,1958000,NO,ALUMINIUM,120
TATA,2026,MRF,2,6,PETROL,7037000,NO,IRON,100
SUZUKI,2024,MRF,2,4,PETROL,5643000,NO,STEEL,130
AUDI,2016,MRF,1,7,DIESEL,4174000,YES,ALUMINIUM,150
HYUNDAI,2017,MRF,1,4,PETROL,5175000,YES,IRON,100
AUDI,2017,CEAT,1,6,PETROL,3109000,NO,ALUMINIUM,230
BMW,2025,CEAT,2,5,PETROL,6193000,NO,STEEL,110
TATA,2017,MRF,1,6,CNG,4206000,NO,IRON,190
BMW,2021,CEAT,2,5,DIESEL,7117000,YES,IRON,100
AUDI,2019,MRF,4,7,PETROL,1161000,NO,STEEL,220
AUDI,2020,CEAT,3,6,CNG,6485000,NO,STEEL,140
AUDI,2019,CEAT,1,7,CNG,7687000,NO,IRON,110
BMW,2018,CEAT,1,7,ELECTRIC,1190000,NO,STEEL,150
BMW,2025,CEAT,4,5,ELECTRIC,974000,NO,IRON,120
TATA,2021,MRF,5,4,ELECTRIC,6997000,NO,IRON,200
HONDA,2019,CEAT,5,7,PETROL,1569000,YES,IRON,30
AUDI,2019,CEAT,4,6,PETROL,407000,NO,ALUMINIUM,110
TATA,2026,CEAT,1,7,DIESEL,3468000,YES,ALUMINIUM,80
SUZUKI,2022,CEAT,5,6,ELECTRIC,1637000,YES,STEEL,70
SUZUKI,2026,MRF,1,6,ELECTRIC,7576000,NO,IRON,230
HONDA,2019,CEAT,1,4,CNG,5318000,NO,STEEL,100
HONDA,2022,MRF,4,4,PETROL,4673000,YES,ALUMINIUM,160
AUDI,2023,CEAT,2,4,ELECTRIC,7799000,YES,ALUMINIUM,140
HONDA,2023,MRF,2,4,PETROL,2293000,YES,ALUMINIUM,60
HYUNDAI,2023,CEAT,4,6,PETROL,6159000,YES,ALUMINIUM,70
HONDA,2026,CEAT,2,6,PETROL,2955000,YES,ALUMINIUM,70
AUDI,2020,MRF,5,4,ELECTRIC,6554000,NO,STEEL,160
AUDI,2020,MRF,5,6,PETROL,4224000,YES,IRON,160
BMW,2022,MRF,3,6,CNG,1220000,YES,ALUMINIUM,90
HYUNDAI,2026,CEAT,5,7,CNG,2664000,YES,ALUMINIUM,50
SUZUKI,2021,CEAT,4,4,DIESEL,5480000,YES,STEEL,100
BMW,2026,MRF,4,5,DIESEL,6340000,NO,ALUMINIUM,180
HYUNDAI,2019,MRF,2,7,ELECTRIC,1669000,YES,IRON,70
SUZUKI,2023,CEAT,2,5,PETROL,2652000,YES,STEEL,30
BMW,2018,MRF,1,5,CNG,2380000,NO,STEEL,160
SUZUKI,2020,CEAT,2,7,DIESEL,6525000,NO,STEEL,230
HONDA,2024,MRF,1,7,PETROL,3166000,YES,IRON,130
HONDA,2016,CEAT,3,6,ELECTRIC,4363000,YES,STEEL,60
AUDI,2026,MRF,3,4,PETROL,2585000,NO,ALUMINIUM,90
HONDA,2025,CEAT,4,4,PETROL,2355000,YES,ALUMINIUM,130
HYUNDAI,2020,CEAT,1,6,DIESEL,5306000,YES,ALUMINIUM,80
HYUNDAI,2023,MRF,4,6,ELECTRIC,1803000,YES,STEEL,30
TATA,2026,MRF,4,7,DIESEL,365000,NO,IRON,160
SUZUKI,2017,CEAT,3,7,PETROL,6018000,YES,ALUMINIUM,170
AUDI,2018,MRF,4,7,DIESEL,4682000,NO,IRON,240
HYUNDAI,2022,MRF,5,4,PETROL,4157000,NO,STEEL,90
SUZUKI,2018,CEAT,2,4,PETROL,5363000,NO,ALUMINIUM,150
TATA,2026,MRF,3,7,CNG,6414000,YES,STEEL,50
TATA,2026,CEAT,2,4,DIESEL,1758000,NO,ALUMINIUM,140
HYUNDAI,2021,CEAT,5,4,PETROL,4413000,NO,ALUMINIUM,130
HYUNDAI,2025,CEAT,1,4,CNG,7010000,NO,IRON,110
TATA,2022,MRF,5,4,PETROL,6737000,YES,ALUMINIUM,40
TATA,2019,MRF,1,5,CNG,169000,YES,IRON,70
AUDI,2018,CEAT,3,4,ELECTRIC,2411000,NO,IRON,110
TATA,2021,MRF,3,5,PETROL,1033000,YES,STEEL,30
HYUNDAI,2020,CEAT,5,4,CNG,7548000,YES,ALUMINIUM,140
TATA,2019,CEAT,5,4,ELECTRIC,6031000,NO,ALUMINIUM,220
AUDI,2017,MRF,5,7,CNG,5838000,YES,STEEL,100
SUZUKI,2020,MRF,2,6,ELECTRIC,4465000,NO,ALUMINIUM,150
AUDI,2026,MRF,3,4,PETROL,1661000,YES,STEEL,160
TATA,2024,MRF,4,6,DIESEL,4505000,YES,ALUMINIUM,100
SUZUKI,2023,MRF,2,4,PETROL,4537000,NO,ALUMINIUM,210
SUZUKI,2020,CEAT,4,4,ELECTRIC,1760000,NO,IRON,150
AUDI,2017,MRF,3,4,CNG,1967000,YES,STEEL,30
BMW,2019,CEAT,4,7,ELECTRIC,2492000,YES,ALUMINIUM,120
HONDA,2017,MRF,4,4,PETROL,855000,YES,STEEL,90
SUZUKI,2021,CEAT,3,6,PETROL,2642000,NO,STEEL,210
BMW,2021,CEAT,1,6,DIESEL,7114000,YES,STEEL,170
AUDI,2020,MRF,2,4,DIESEL,2139000,NO,IRON,120
SUZUKI,2019,CEAT,4,5,CNG,7791000,YES,IRON,160
AUDI,2024,MRF,5,5,DIESEL,5384000,NO,STEEL,150
TATA,2022,CEAT,3,5,PETROL,2379000,YES,IRON,180
AUDI,2018,MRF,4,4,ELECTRIC,5732000,YES,IRON,140
AUDI,2019,CEAT,2,7,PETROL,1815000,NO,IRON,210
HONDA,2023,MRF,3,7,PETROL,5299000,NO,IRON,250
SUZUKI,2017,MRF,4,6,PETROL,4599000,NO,ALUMINIUM,110
HYUNDAI,2019,CEAT,3,7,DIESEL,1974000,NO,ALUMINIUM,210
HONDA,2026,MRF,4,7,ELECTRIC,7006000,NO,STEEL,120
TATA,2025,CEAT,2,7,PETROL,5468000,YES,IRON,120
HYUNDAI,2017,MRF,5,7,CNG,134000,YES,IRON,40
TATA,2020,MRF,2,7,CNG,4129000,NO,IRON,210
HONDA,2016,CEAT,2,4,ELECTRIC,2485000,NO,STEEL,170
TATA,2016,MRF,2,5,CNG,2099000,NO,ALUMINIUM,190
HONDA,2026,MRF,3,5,ELECTRIC,7521000,NO,ALUMINIUM,190
BMW,2023,CEAT,1,4,PETROL,5610000,YES,STEEL,80
AUDI,2024,MRF,2,7,PETROL,6515000,YES,STEEL,160
HONDA,2021,CEAT,2,4,DIESEL,3429000,NO,STEEL,150
HYUNDAI,2016,CEAT,4,7,CNG,947000,NO,STEEL,200
BMW,2024,CEAT,1,6,ELECTRIC,2061000,YES,ALUMINIUM,60
HYUNDAI,2026,CEAT,2,6,DIESEL,1632000,YES,IRON,140
BMW,2022,MRF,5,5,ELECTRIC,6294000,NO,ALUMINIUM,110
SUZUKI,2017,MRF,5,6,CNG,222000,NO,STEEL,200
AUDI,2026,CEAT,2,5,ELECTRIC,3078000,YES,IRON,170
HYUNDAI,2023,CEAT,3,6,PETROL,6602000,YES,IRON,50
TATA,2022,CEAT,3,6,PETROL,5163000,NO,ALUMINIUM,140
BMW,2020,MRF,3,6,PETROL,6256000,NO,STEEL,140
HONDA,2026,CEAT,3,4,ELECTRIC,2883000,NO,STEEL,180
TATA,2017,MRF,2,7,ELECTRIC,5849000,YES,IRON,90
BMW,2021,CEAT,4,6,DIESEL,1988000,YES,IRON,170
HYUNDAI,2016,CEAT,1,5,PETROL,2670000,YES,IRON,40
BMW,2016,CEAT,2,4,DIESEL,1489000,YES,ALUMINIUM,40
AUDI,2024,MRF,5,5,ELECTRIC,4894000,NO,IRON,150
HYUNDAI,2024,CEAT,4,4,DIESEL,932000,YES,IRON,70
AUDI,2020,CEAT,2,6,CNG,4908000,NO,IRON,170
HONDA,2017,CEAT,4,6,PETROL,6821000,YES,IRON,120
HYUNDAI,2022,MRF,1,7,PETROL,4330000,YES,ALUMINIUM,180
HYUNDAI,2025,MRF,5,7,CNG,2436000,NO,ALUMINIUM,230
TATA,2017,CEAT,2,7,CNG,2121000,YES,IRON,110
HYUNDAI,2020,MRF,4,5,DIESEL,3488000,NO,STEEL,140
HYUNDAI,2019,CEAT,1,6,PETROL,5963000,YES,ALUMINIUM,160
HONDA,2016,MRF,5,6,CNG,1660000,YES,STEEL,130
TATA,2026,CEAT,1,6,CNG,2592000,YES,ALUMINIUM,150
HYUNDAI,2024,CEAT,3,7,DIESEL,382000,NO,IRON,100
SUZUKI,2024,CEAT,1,7,CNG,4743000,NO,STEEL,100
BMW,2017,CEAT,3,4,ELECTRIC,7321000,NO,IRON,130
TATA,2024,MRF,4,6,PETROL,6953000,NO,IRON,130
BMW,2017,MRF,2,5,PETROL,6099000,NO,ALUMINIUM,110
HONDA,2017,MRF,3,5,PETROL,380000,NO,STEEL,190
BMW,2020,MRF,5,4,ELECTRIC,3653000,NO,IRON,220
BMW,2023,CEAT,4,5,ELECTRIC,7594000,YES,STEEL,110
BMW,2022,CEAT,3,7,PETROL,725000,NO,ALUMINIUM,150
AUDI,2022,MRF,1,6,CNG,4929000,YES,IRON,80
AUDI,2021,MRF,4,4,DIESEL,5770000,NO,ALUMINIUM,250
HYUNDAI,2026,MRF,4,7,DIESEL,2555000,NO,STEEL,220
SUZUKI,2018,MRF,4,6,CNG,1077000,YES,IRON,150
AUDI,2016,CEAT,2,4,CNG,5613000,YES,ALUMINIUM,160
BMW,2018,MRF,4,4,DIESEL,2946000,YES,ALUMINIUM,110
AUDI,2026,CEAT,4,7,DIESEL,3554000,NO,STEEL,150
AUDI,2022,MRF,3,6,ELECTRIC,2790000,NO,STEEL,200
HYUNDAI,2022,MRF,1,7,CNG,620000,NO,ALUMINIUM,180
AUDI,2021,CEAT,4,6,PETROL,6050000,NO,IRON,130
HYUNDAI,2024,MRF,3,4,PETROL,4601000,NO,IRON,110
HYUNDAI,2026,CEAT,4,4,CNG,2011000,NO,IRON,150
HYUNDAI,2020,MRF,5,7,DIESEL,7170000,NO,IRON,220
AUDI,2020,CEAT,4,7,DIESEL,5782000,NO,IRON,200
HONDA,2022,CEAT,2,5,CNG,5885000,NO,STEEL,220
TATA,2017,CEAT,2,4,ELECTRIC,2252000,YES,STEEL,90
HYUNDAI,2024,MRF,5,7,CNG,7477000,NO,ALUMINIUM,140
TATA,2019,MRF,1,6,CNG,6266000,NO,STEEL,240
SUZUKI,2017,CEAT,5,7,DIESEL,4256000,NO,IRON,130
AUDI,2025,CEAT,1,6,CNG,2420000,YES,STEEL,30
SUZUKI,2017,CEAT,2,5,DIESEL,6148000,NO,STEEL,210
HONDA,2017,CEAT,3,4,ELECTRIC,5218000,NO,IRON,190
AUDI,2020,MRF,4,7,ELECTRIC,1220000,YES,ALUMINIUM,20
HYUNDAI,2025,MRF,4,7,ELECTRIC,3064000,YES,ALUMINIUM,40
BMW,2019,CEAT,3,6,CNG,2187000,NO,ALUMINIUM,250
TATA,2026,CEAT,2,7,ELECTRIC,3313000,NO,ALUMINIUM,200
TATA,2025,MRF,3,7,DIESEL,5879000,NO,IRON,140
AUDI,2018,MRF,1,4,PETROL,7879000,NO,STEEL,130
AUDI,2016,MRF,1,4,CNG,1046000,YES,IRON,170
SUZUKI,2018,CEAT,2,7,PETROL,6820000,NO,STEEL,140
HYUNDAI,2026,MRF,2,7,ELECTRIC,6878000,YES,ALUMINIUM,30
BMW,2020,MRF,4,6,PETROL,2672000,YES,IRON,130
BMW,2026,MRF,5,6,CNG,3557000,YES,IRON,130
SUZUKI,2020,MRF,1,7,PETROL,5067000,YES,IRON,170
HONDA,2021,CEAT,5,5,DIESEL,3229000,YES,STEEL,120
BMW,2016,CEAT,1,6,PETROL,882000,YES,IRON,130
SUZUKI,2017,MRF,4,5,ELECTRIC,6370000,NO,STEEL,160
SUZUKI,2017,CEAT,3,5,ELECTRIC,3743000,NO,ALUMINIUM,150
BMW,2022,CEAT,4,6,PETROL,1711000,YES,IRON,100
SUZUKI,2024,MRF,1,6,DIESEL,5851000,NO,STEEL,120
HYUNDAI,2022,CEAT,3,5,DIESEL,1017000,YES,STEEL,40
BMW,2024,CEAT,5,7,CNG,2949000,YES,IRON,130
SUZUKI,2018,CEAT,1,5,CNG,2122000,YES,STEEL,50
BMW,2022,CEAT,1,5,DIESEL,3008000,YES,STEEL,120
HONDA,2019,MRF,1,5,ELECTRIC,6536000,NO,STEEL,240
HYUNDAI,2026,MRF,2,6,PETROL,768000,NO,STEEL,180
HYUNDAI,2025,CEAT,5,5,PETROL,2462000,YES,ALUMINIUM,90
HONDA,2024,MRF,2,6,PETROL,7362000,NO,ALUMINIUM,240
SUZUKI,2022,MRF,4,6,ELECTRIC,5662000,YES,STEEL,30
SUZUKI,2019,MRF,3,7,CNG,3614000,YES,ALUMINIUM,140
HYUNDAI,2025,MRF,5,6,DIESEL,2640000,NO,STEEL,180
TATA,2020,CEAT,5,4,CNG,4712000,NO,STEEL,230
AUDI,2020,CEAT,3,7,CNG,1943000,NO,STEEL,170
HYUNDAI,2019,MRF,4,6,CNG,4246000,YES,STEEL,130
SUZUKI,2018,MRF,2,7,PETROL,2865000,YES,IRON,90
HYUNDAI,2026,CEAT,5,6,PETROL,705000,NO,ALUMINIUM,190
AUDI,2026,MRF,2,7,PETROL,5996000,YES,STEEL,50
AUDI,2026,CEAT,5,5,CNG,5855000,NO,STEEL,120
SUZUKI,2019,CEAT,1,6,CNG,6885000,NO,IRON,140
TATA,2020,MRF,4,6,PETROL,3346000,NO,IRON,210
SUZUKI,2026,MRF,4,5,PETROL,3555000,YES,IRON,100
TATA,2020,CEAT,3,5,PETROL,5520000,NO,ALUMINIUM,190
HONDA,2021,CEAT,2,4,PETROL,4777000,YES,ALUMINIUM,80
AUDI,2024,CEAT,3,6,ELECTRIC,5817000,YES,ALUMINIUM,140
AUDI,2021,MRF,4,4,CNG,4092000,YES,STEEL,30
HYUNDAI,2022,MRF,1,4,PETROL,3215000,YES,ALUMINIUM,90
HYUNDAI,2026,MRF,3,4,CNG,7798000,NO,ALUMINIUM,140
HYUNDAI,2016,MRF,1,7,CNG,5955000,NO,ALUMINIUM,90
BMW,2020,MRF,1,7,PETROL,2726000,YES,IRON,90
BMW,2024,CEAT,3,6,PETROL,3026000,YES,IRON,80
AUDI,2021,CEAT,4,7,ELECTRIC,4110000,YES,ALUMINIUM,60
SUZUKI,2022,CEAT,2,4,ELECTRIC,1403000,NO,ALUMINIUM,230
HYUNDAI,2018,CEAT,3,7,CNG,3473000,NO,STEEL,170
HONDA,2025,MRF,3,5,DIESEL,5368000,NO,IRON,170
HYUNDAI,2026,MRF,2,5,DIESEL,5618000,NO,STEEL,200
BMW,2024,CEAT,3,5,ELECTRIC,6440000,NO,ALUMINIUM,120
TATA,2019,CEAT,1,4,ELECTRIC,1161000,YES,ALUMINIUM,90
HONDA,2025,CEAT,1,7,PETROL,5601000,NO,STEEL,120
BMW,2017,MRF,5,5,PETROL,5169000,NO,IRON,220
AUDI,2017,CEAT,2,5,CNG,6985000,NO,IRON,120
SUZUKI,2022,MRF,1,5,PETROL,5578000,NO,ALUMINIUM,130
AUDI,2022,CEAT,2,4,PETROL,7388000,YES,STEEL,40
AUDI,2019,CEAT,3,6,CNG,7634000,NO,IRON,150
AUDI,2024,CEAT,1,5,CNG,911000,YES,STEEL,180
HONDA,2024,CEAT,2,6,DIESEL,7479000,YES,IRON,60
AUDI,2017,MRF,4,7,ELECTRIC,5441000,NO,ALUMINIUM,230
HYUNDAI,2019,MRF,2,7,ELECTRIC,7398000,YES,IRON,140
TATA,2026,MRF,1,4,PETROL,4247000,YES,IRON,110
SUZUKI,2024,CEAT,3,7,ELECTRIC,5882000,NO,IRON,210
HYUNDAI,2017,MRF,2,6,ELECTRIC,1563000,NO,IRON,150
HONDA,2025,MRF,2,7,CNG,158000,YES,IRON,20
AUDI,2023,MRF,4,4,ELECTRIC,7388000,YES,ALUMINIUM,90
BMW,2023,CEAT,5,4,DIESEL,360000,YES,IRON,50
HONDA,2020,CEAT,3,7,CNG,6065000,NO,IRON,190
HONDA,2017,CEAT,1,5,DIESEL,5813000,YES,IRON,160
TATA,2024,MRF,1,4,ELECTRIC,6444000,NO,STEEL,210
HYUNDAI,2016,CEAT,1,6,CNG,4685000,YES,IRON,20
HYUNDAI,2025,MRF,2,5,DIESEL,910000,YES,ALUMINIUM,140
HONDA,2021,MRF,5,5,PETROL,2025000,NO,IRON,130
HYUNDAI,2019,MRF,2,6,PETROL,3623000,NO,IRON,170
HYUNDAI,2017,CEAT,1,5,DIESEL,1795000,NO,IRON,120
AUDI,2026,MRF,3,4,CNG,2932000,NO,IRON,240
BMW,2026,CEAT,3,7,PETROL,2403000,NO,IRON,220
BMW,2019,MRF,1,6,CNG,6061000,NO,STEEL,200
BMW,2023,CEAT,1,4,DIESEL,421000,NO,STEEL,230
BMW,2022,CEAT,5,4,CNG,5560000,YES,STEEL,40
AUDI,2018,CEAT,4,4,PETROL,7487000,NO,STEEL,240
HYUNDAI,2017,CEAT,3,4,PETROL,3966000,NO,STEEL,150
TATA,2019,MRF,5,6,DIESEL,2893000,NO,IRON,150
HONDA,2025,CEAT,3,4,PETROL,5557000,YES,ALUMINIUM,150
HONDA,2025,CEAT,2,6,CNG,1654000,YES,IRON,100
TATA,2022,CEAT,3,6,PETROL,5427000,YES,STEEL,60
HYUNDAI,2017,CEAT,3,5,CNG,2959000,YES,IRON,70
BMW,2024,CEAT,1,4,CNG,1736000,YES,ALUMINIUM,140
HONDA,2021,CEAT,5,4,PETROL,7508000,YES,ALUMINIUM,80
AUDI,2022,CEAT,1,7,CNG,1441000,NO,IRON,190
AUDI,2024,MRF,2,5,PETROL,2959000,YES,ALUMINIUM,100
HONDA,2020,CEAT,3,6,CNG,1066000,NO,ALUMINIUM,120
AUDI,2023,CEAT,5,4,ELECTRIC,517000,YES,IRON,50
BMW,2022,MRF,4,6,CNG,4720000,NO,IRON,200
TATA,2016,CEAT,4,5,PETROL,1839000,YES,ALUMINIUM,90
SUZUKI,2025,CEAT,4,7,PETROL,7662000,YES,STEEL,130
AUDI,2017,MRF,2,5,CNG,5129000,YES,ALUMINIUM,140
HONDA,2026,MRF,5,4,ELECTRIC,5254000,NO,ALUMINIUM,160
SUZUKI,2022,MRF,3,6,DIESEL,1979000,YES,STEEL,60
SUZUKI,2024,CEAT,5,5,ELECTRIC,7613000,NO,STEEL,190
HONDA,2019,MRF,5,5,DIESEL,1816000,NO,STEEL,240
HYUNDAI,2020,MRF,2,4,PETROL,5374000,YES,IRON,170
AUDI,2018,MRF,1,7,DIESEL,6414000,YES,IRON,160
AUDI,2018,MRF,2,4,ELECTRIC,640000,YES,IRON,70
AUDI,2026,CEAT,2,7,PETROL,2825000,YES,STEEL,110
HONDA,2026,CEAT,5,5,CNG,4347000,NO,STEEL,100
AUDI,2019,MRF,4,5,DIESEL,4081000,YES,STEEL,110
HONDA,2020,CEAT,2,4,ELECTRIC,7671000,NO,STEEL,200
BMW,2021,CEAT,2,6,CNG,2517000,YES,IRON,80
TATA,2017,CEAT,4,6,DIESEL,1223000,NO,ALUMINIUM,180
AUDI,2017,MRF,4,6,DIESEL,136000,YES,ALUMINIUM,50
AUDI,2026,MRF,4,4,ELECTRIC,4466000,NO,IRON,150
AUDI,2025,CEAT,2,4,PETROL,6834000,NO,IRON,220
HYUNDAI,2024,MRF,5,7,ELECTRIC,2483000,YES,ALUMINIUM,90
HYUNDAI,2023,MRF,3,7,CNG,1154000,YES,ALUMINIUM,40
TATA,2019,CEAT,1,4,CNG,4276000,YES,ALUMINIUM,90
AUDI,2023,CEAT,4,5,CNG,5944000,NO,IRON,100
AUDI,2017,MRF,1,5,DIESEL,7561000,YES,IRON,110
TATA,2023,CEAT,2,5,PETROL,4863000,NO,IRON,170
HONDA,2026,CEAT,1,5,PETROL,7599000,YES,ALUMINIUM,180
SUZUKI,2026,MRF,2,6,PETROL,5480000,NO,IRON,180
HYUNDAI,2017,MRF,4,7,DIESEL,6028000,YES,STEEL,130
HYUNDAI,2022,MRF,4,5,DIESEL,6494000,NO,IRON,200
BMW,2024,CEAT,2,6,ELECTRIC,6289000,NO,IRON,140
HONDA,2023,CEAT,1,4,CNG,6494000,YES,IRON,90
TATA,2026,MRF,1,4,ELECTRIC,6180000,YES,STEEL,180
HONDA,2021,CEAT,3,5,CNG,1859000,YES,ALUMINIUM,100
SUZUKI,2021,CEAT,1,7,PETROL,6734000,NO,IRON,100
AUDI,2023,MRF,1,6,CNG,5346000,NO,ALUMINIUM,130
SUZUKI,2021,MRF,2,7,ELECTRIC,3979000,YES,ALUMINIUM,120
HONDA,2022,MRF,4,7,PETROL,2401000,YES,IRON,70
HONDA,2025,CEAT,1,4,ELECTRIC,6280000,YES,IRON,110
TATA,2017,CEAT,2,7,PETROL,6386000,NO,STEEL,110
SUZUKI,2016,MRF,1,7,DIESEL,1312000,YES,IRON,50
SUZUKI,2023,CEAT,1,5,CNG,6126000,YES,IRON,170
HYUNDAI,2021,MRF,1,4,CNG,7543000,YES,STEEL,20
AUDI,2020,CEAT,2,6,CNG,2024000,NO,STEEL,100
HONDA,2016,MRF,3,5,ELECTRIC,647000,NO,ALUMINIUM,140
BMW,2023,CEAT,2,4,CNG,4430000,YES,STEEL,30
TATA,2026,MRF,2,5,PETROL,5761000,NO,STEEL,190
BMW,2018,CEAT,2,7,CNG,1649000,NO,STEEL,130
HYUNDAI,2023,MRF,4,4,CNG,7193000,YES,STEEL,50
HONDA,2022,CEAT,3,7,CNG,5179000,NO,IRON,230
AUDI,2020,MRF,3,4,ELECTRIC,3880000,YES,IRON,50
HYUNDAI,2026,MRF,2,4,CNG,6818000,NO,IRON,150
TATA,2017,CEAT,5,5,DIESEL,3484000,NO,STEEL,180
AUDI,2017,MRF,2,5,PETROL,6327000,YES,IRON,120
HYUNDAI,2016,MRF,2,5,PETROL,7843000,YES,ALUMINIUM,40
BMW,2023,MRF,3,7,ELECTRIC,2181000,YES,STEEL,40
HYUNDAI,2022,MRF,1,5,ELECTRIC,4489000,NO,STEEL,170
SUZUKI,2026,MRF,2,5,ELECTRIC,5945000,NO,IRON,210
HYUNDAI,2016,CEAT,3,7,CNG,1833000,NO,STEEL,160
SUZUKI,2016,MRF,1,5,ELECTRIC,7863000,NO,ALUMINIUM,190
SUZUKI,2016,MRF,5,5,ELECTRIC,2237000,YES,IRON,180
HONDA,2018,MRF,4,7,PETROL,1333000,YES,IRON,150
HYUNDAI,2016,CEAT,3,6,CNG,713000,YES,STEEL,100
HYUNDAI,2019,CEAT,3,7,DIESEL,1455000,YES,ALUMINIUM,130
HONDA,2020,CEAT,5,4,CNG,7909000,NO,ALUMINIUM,130
HONDA,2023,MRF,3,6,CNG,4386000,NO,ALUMINIUM,110
BMW,2016,MRF,5,5,ELECTRIC,880000,YES,ALUMINIUM,150
AUDI,2021,MRF,3,5,ELECTRIC,6443000,NO,IRON,200
BMW,2021,CEAT,1,4,PETROL,6975000,NO,ALUMINIUM,150
AUDI,2025,MRF,2,4,CNG,1551000,YES,STEEL,40
AUDI,2021,CEAT,1,7,PETROL,3258000,NO,STEEL,220
HYUNDAI,2016,CEAT,2,7,PETROL,1996000,NO,IRON,120
BMW,2019,MRF,2,5,ELECTRIC,313000,YES,STEEL,40
BMW,2017,MRF,4,5,CNG,6081000,YES,ALUMINIUM,150
SUZUKI,2021,CEAT,4,4,DIESEL,7580000,NO,STEEL,90
TATA,2017,CEAT,4,6,CNG,3620000,YES,ALUMINIUM,150
BMW,2018,MRF,3,4,PETROL,1623000,NO,ALUMINIUM,180
HYUNDAI,2016,MRF,3,4,ELECTRIC,4107000,YES,STEEL,90
AUDI,2019,CEAT,1,5,PETROL,4804000,NO,STEEL,200
HONDA,2016,MRF,5,5,ELECTRIC,1372000,YES,IRON,110
AUDI,2017,MRF,1,7,ELECTRIC,264000,YES,ALUMINIUM,40
HYUNDAI,2025,CEAT,3,5,CNG,2075000,YES,ALUMINIUM,130
BMW,2026,CEAT,1,5,PETROL,6952000,YES,STEEL,130
TATA,2023,MRF,4,4,PETROL,4401000,NO,ALUMINIUM,150
SUZUKI,2019,CEAT,5,5,DIESEL,6181000,YES,IRON,160
HONDA,2025,MRF,3,7,CNG,3779000,NO,STEEL,180
HONDA,2017,MRF,1,7,DIESEL,5275000,NO,ALUMINIUM,90
BMW,2024,CEAT,4,4,CNG,5041000,YES,IRON,60
HONDA,2021,MRF,5,4,DIESEL,5511000,NO,STEEL,200
HONDA,2016,CEAT,2,6,PETROL,2021000,YES,STEEL,160
AUDI,2021,MRF,1,6,ELECTRIC,6934000,YES,ALUMINIUM,80
HYUNDAI,2024,CEAT,2,5,CNG,2012000,NO,STEEL,220
AUDI,2019,MRF,4,6,ELECTRIC,4364000,YES,STEEL,20
HONDA,2019,CEAT,1,6,CNG,3586000,NO,STEEL,210
SUZUKI,2016,MRF,2,5,ELECTRIC,5675000,YES,ALUMINIUM,60
SUZUKI,2025,MRF,2,7,CNG,7608000,YES,STEEL,90
BMW,2026,MRF,3,6,PETROL,4901000,NO,ALUMINIUM,130
BMW,2017,CEAT,2,6,CNG,6012000,YES,IRON,130
BMW,2017,CEAT,3,6,CNG,7408000,YES,STEEL,120
HONDA,2026,MRF,2,5,DIESEL,581000,NO,ALUMINIUM,160
HONDA,2022,CEAT,3,5,ELECTRIC,7449000,NO,ALUMINIUM,200
TATA,2023,MRF,1,6,PETROL,6846000,YES,ALUMINIUM,90
SUZUKI,2021,CEAT,2,5,CNG,6429000,NO,STEEL,200
HONDA,2019,CEAT,5,7,DIESEL,584000,NO,ALUMINIUM,90
HONDA,2018,CEAT,4,5,DIESEL,109000,YES,IRON,160
SUZUKI,2023,CEAT,1,5,CNG,7930000,NO,STEEL,140
SUZUKI,2023,CEAT,2,6,PETROL,7014000,YES,IRON,120
BMW,2016,CEAT,2,5,PETROL,6742000,YES,STEEL,180
BMW,2025,MRF,2,6,DIESEL,6705000,NO,STEEL,130
TATA,2021,MRF,4,4,DIESEL,3823000,YES,ALUMINIUM,140
HONDA,2022,CEAT,2,5,ELECTRIC,2334000,YES,ALUMINIUM,140
BMW,2024,MRF,2,7,PETROL,2804000,YES,IRON,90
AUDI,2017,MRF,2,5,ELECTRIC,4508000,NO,STEEL,140
BMW,2026,MRF,2,4,CNG,945000,NO,ALUMINIUM,180
HONDA,2017,CEAT,4,7,ELECTRIC,5057000,NO,IRON,140
SUZUKI,2023,CEAT,2,4,CNG,5040000,YES,IRON,160
HYUNDAI,2021,CEAT,2,4,DIESEL,2681000,YES,IRON,140
HYUNDAI,2025,CEAT,5,6,PETROL,2966000,YES,IRON,60
HYUNDAI,2023,MRF,5,5,ELECTRIC,3408000,NO,STEEL,100
HONDA,2020,CEAT,3,6,DIESEL,6064000,NO,STEEL,200
TATA,2024,CEAT,5,5,DIESEL,2143000,YES,ALUMINIUM,60
TATA,2022,MRF,4,7,DIESEL,6425000,YES,ALUMINIUM,150
SUZUKI,2023,MRF,5,4,CNG,1625000,YES,STEEL,60
HONDA,2026,CEAT,5,4,DIESEL,139000,YES,IRON,40
AUDI,2016,CEAT,1,6,CNG,995000,NO,ALUMINIUM,230
AUDI,2023,MRF,1,4,DIESEL,898000,YES,ALUMINIUM,180
HYUNDAI,2019,MRF,4,7,CNG,1551000,NO,IRON,130
BMW,2022,MRF,2,4,PETROL,3248000,YES,ALUMINIUM,70
SUZUKI,2020,CEAT,5,4,DIESEL,1742000,YES,IRON,150
SUZUKI,2023,CEAT,1,7,DIESEL,4164000,NO,STEEL,140
TATA,2020,CEAT,3,4,CNG,5628000,YES,STEEL,60
SUZUKI,2020,MRF,2,5,DIESEL,191000,YES,ALUMINIUM,50
TATA,2026,MRF,4,6,ELECTRIC,4600000,NO,IRON,240
AUDI,2018,MRF,4,4,CNG,2220000,YES,IRON,180
HYUNDAI,2024,MRF,2,4,PETROL,4793000,YES,STEEL,140
BMW,2024,MRF,2,7,CNG,4431000,YES,IRON,120
TATA,2021,MRF,2,5,ELECTRIC,6247000,YES,STEEL,60
BMW,2026,MRF,2,6,PETROL,6898000,NO,STEEL,120
HONDA,2019,MRF,4,6,DIESEL,5458000,NO,IRON,160
TATA,2017,MRF,3,5,CNG,2449000,YES,ALUMINIUM,120
HONDA,2025,MRF,4,4,PETROL,1208000,YES,ALUMINIUM,140
BMW,2026,CEAT,3,7,DIESEL,5964000,NO,STEEL,240
TATA,2021,MRF,4,5,DIESEL,629000,NO,IRON,140
SUZUKI,2020,MRF,5,6,CNG,3334000,YES,IRON,60
TATA,2020,MRF,5,4,ELECTRIC,5383000,NO,ALUMINIUM,180
HONDA,2024,MRF,5,7,PETROL,6740000,NO,IRON,110
TATA,2025,CEAT,1,4,DIESEL,3682000,YES,ALUMINIUM,180
AUDI,2025,MRF,5,5,CNG,1877000,NO,ALUMINIUM,110
TATA,2024,MRF,4,4,PETROL,3328000,YES,ALUMINIUM,110
SUZUKI,2020,CEAT,3,5,DIESEL,5151000,NO,IRON,230
TATA,2017,CEAT,4,5,ELECTRIC,7861000,YES,IRON,110
BMW,2022,CEAT,2,4,CNG,1076000,YES,STEEL,150
TATA,2016,MRF,1,5,CNG,1206000,YES,IRON,160
AUDI,2020,CEAT,3,5,CNG,2088000,NO,IRON,190
SUZUKI,2019,CEAT,2,6,CNG,482000,YES,IRON,150
HONDA,2017,MRF,1,6,CNG,5661000,NO,IRON,240
HONDA,2025,CEAT,3,6,PETROL,6266000,NO,ALUMINIUM,140
TATA,2022,MRF,5,4,ELECTRIC,5515000,NO,IRON,220
HYUNDAI,2022,MRF,5,7,PETROL,639000,YES,ALUMINIUM,40
HYUNDAI,2023,MRF,5,6,ELECTRIC,252000,NO,IRON,120
AUDI,2019,CEAT,3,7,DIESEL,4809000,NO,IRON,220
TATA,2020,MRF,1,5,DIESEL,1984000,NO,IRON,200
SUZUKI,2022,MRF,4,4,ELECTRIC,1625000,YES,IRON,90
SUZUKI,2021,CEAT,1,4,CNG,6497000,YES,IRON,160
BMW,2022,MRF,5,5,CNG,6760000,YES,STEEL,70
BMW,2022,CEAT,1,5,DIESEL,3612000,NO,ALUMINIUM,220
SUZUKI,2020,MRF,3,6,CNG,453000,NO,STEEL,230
HONDA,2024,MRF,4,5,PETROL,2257000,NO,IRON,180
HYUNDAI,2023,MRF,4,5,ELECTRIC,5556000,NO,STEEL,180
AUDI,2021,CEAT,2,4,PETROL,7662000,YES,IRON,100
BMW,2021,MRF,1,6,CNG,2881000,NO,STEEL,200
BMW,2020,CEAT,5,5,CNG,785000,YES,ALUMINIUM,100
HYUNDAI,2021,MRF,2,4,PETROL,3164000,YES,STEEL,150
AUDI,2021,CEAT,5,6,DIESEL,3887000,NO,STEEL,190
HONDA,2024,CEAT,2,4,PETROL,5661000,NO,STEEL,190
AUDI,2022,MRF,5,5,CNG,2215000,YES,STEEL,90
HYUNDAI,2026,MRF,5,7,CNG,1006000,YES,STEEL,60
HYUNDAI,2023,CEAT,4,6,ELECTRIC,6563000,NO,ALUMINIUM,250
TATA,2026,CEAT,2,4,ELECTRIC,3818000,YES,ALUMINIUM,100
BMW,2019,MRF,3,6,ELECTRIC,5442000,YES,STEEL,160
BMW,2024,CEAT,2,7,CNG,6614000,YES,ALUMINIUM,120
AUDI,2025,CEAT,3,4,DIESEL,6841000,YES,STEEL,50
TATA,2025,MRF,5,5,DIESEL,4716000,YES,IRON,60
HONDA,2021,CEAT,1,6,ELECTRIC,7396000,NO,STEEL,200
HYUNDAI,2018,CEAT,2,7,DIESEL,7274000,NO,STEEL,120
BMW,2026,CEAT,2,6,DIESEL,6785000,NO,IRON,210
BMW,2026,MRF,4,4,CNG,5294000,NO,IRON,170
HYUNDAI,2020,CEAT,3,6,PETROL,2514000,NO,IRON,140
HONDA,2026,CEAT,4,7,PETROL,1618000,NO,IRON,180
TATA,2026,MRF,5,6,PETROL,7779000,NO,ALUMINIUM,90
AUDI,2017,CEAT,1,4,ELECTRIC,3103000,NO,ALUMINIUM,170
BMW,2023,CEAT,3,5,ELECTRIC,5914000,NO,STEEL,130
HYUNDAI,2022,MRF,2,5,DIESEL,1295000,YES,STEEL,120
BMW,2021,MRF,3,7,PETROL,1899000,YES,IRON,170
BMW,2025,CEAT,1,4,DIESEL,6371000,NO,ALUMINIUM,170
HYUNDAI,2022,CEAT,5,5,ELECTRIC,5328000,NO,IRON,130
SUZUKI,2021,MRF,2,6,PETROL,6218000,YES,ALUMINIUM,60
TATA,2016,MRF,5,7,ELECTRIC,4280000,NO,ALUMINIUM,190
BMW,2026,CEAT,5,5,DIESEL,5843000,YES,IRON,70
HONDA,2026,CEAT,3,5,PETROL,6692000,NO,IRON,190
AUDI,2025,CEAT,2,5,PETROL,442000,YES,ALUMINIUM,170
TATA,2018,MRF,2,7,CNG,4231000,NO,IRON,190
TATA,2020,MRF,2,6,PETROL,4347000,YES,IRON,170
HONDA,2018,MRF,3,7,CNG,5957000,YES,IRON,20
TATA,2016,CEAT,1,6,ELECTRIC,5145000,YES,ALUMINIUM,180
HONDA,2016,MRF,2,5,CNG,4684000,NO,STEEL,120
TATA,2024,CEAT,3,7,CNG,1175000,NO,IRON,200
HYUNDAI,2019,MRF,5,6,CNG,6574000,NO,STEEL,170
BMW,2023,MRF,5,7,PETROL,3811000,YES,STEEL,80
BMW,2018,MRF,5,6,DIESEL,1150000,NO,IRON,120
HYUNDAI,2022,CEAT,2,7,ELECTRIC,7985000,NO,STEEL,170
BMW,2020,MRF,2,4,ELECTRIC,2471000,YES,IRON,140
SUZUKI,2020,MRF,3,6,PETROL,2547000,YES,ALUMINIUM,160
TATA,2019,CEAT,4,5,ELECTRIC,3029000,YES,ALUMINIUM,110
HYUNDAI,2019,MRF,3,7,ELECTRIC,5353000,YES,STEEL,120
AUDI,2016,MRF,3,6,CNG,1446000,NO,ALUMINIUM,180
HONDA,2019,CEAT,5,4,DIESEL,738000,YES,STEEL,170
SUZUKI,2024,CEAT,1,5,ELECTRIC,1176000,NO,STEEL,210
SUZUKI,2021,MRF,2,6,CNG,3614000,YES,IRON,110
SUZUKI,2024,MRF,5,7,CNG,5943000,NO,ALUMINIUM,120
AUDI,2020,MRF,5,7,ELECTRIC,4122000,NO,ALUMINIUM,210
HYUNDAI,2019,MRF,5,6,PETROL,7782000,NO,STEEL,160
AUDI,2016,CEAT,3,7,DIESEL,6020000,NO,STEEL,170
HYUNDAI,2020,MRF,4,4,ELECTRIC,5103000,NO,STEEL,90
TATA,2023,MRF,3,4,CNG,1049000,YES,ALUMINIUM,110
AUDI,2017,MRF,3,7,DIESEL,2817000,YES,ALUMINIUM,140
SUZUKI,2020,MRF,4,6,ELECTRIC,5500000,YES,ALUMINIUM,150
TATA,2023,CEAT,2,6,PETROL,2932000,NO,STEEL,90
SUZUKI,2024,CEAT,3,7,ELECTRIC,5877000,YES,STEEL,110
BMW,2021,CEAT,3,5,ELECTRIC,6783000,YES,ALUMINIUM,100
SUZUKI,2017,MRF,4,4,PETROL,2505000,NO,STEEL,210
SUZUKI,2021,MRF,5,4,CNG,2051000,YES,STEEL,120
BMW,2025,MRF,2,5,PETROL,1436000,NO,ALUMINIUM,160
BMW,2026,MRF,3,4,PETROL,5818000,YES,ALUMINIUM,30
BMW,2021,MRF,4,6,DIESEL,6770000,YES,IRON,40
SUZUKI,2022,MRF,3,5,CNG,3778000,NO,STEEL,190
TATA,2025,MRF,3,5,DIESEL,2473000,NO,IRON,110
HONDA,2021,MRF,1,7,DIESEL,6208000,YES,IRON,150
HYUNDAI,2025,CEAT,5,5,CNG,6553000,YES,STEEL,20
HYUNDAI,2022,CEAT,1,6,ELECTRIC,1813000,YES,IRON,100
AUDI,2016,CEAT,5,6,PETROL,1885000,YES,IRON,120
TATA,2023,MRF,5,6,DIESEL,2500000,YES,IRON,40
SUZUKI,2026,MRF,1,5,DIESEL,3141000,NO,STEEL,160
TATA,2017,MRF,3,7,CNG,563000,YES,STEEL,60
AUDI,2024,CEAT,5,5,CNG,569000,YES,ALUMINIUM,100
BMW,2016,CEAT,3,4,PETROL,5075000,NO,ALUMINIUM,90
AUDI,2024,CEAT,5,6,DIESEL,7192000,YES,STEEL,150
TATA,2022,CEAT,1,4,CNG,2306000,YES,IRON,110
BMW,2018,MRF,3,6,ELECTRIC,738000,YES,ALUMINIUM,110
TATA,2026,CEAT,2,4,ELECTRIC,2801000,YES,ALUMINIUM,80
HONDA,2023,MRF,3,7,PETROL,5556000,YES,ALUMINIUM,140
BMW,2023,MRF,1,4,CNG,6232000,YES,IRON,140
TATA,2016,CEAT,2,4,PETROL,4429000,YES,IRON,90
HYUNDAI,2020,MRF,3,4,PETROL,1810000,NO,IRON,120
SUZUKI,2018,CEAT,3,4,CNG,7761000,YES,STEEL,120
HYUNDAI,2023,MRF,2,5,CNG,7056000,YES,ALUMINIUM,80
BMW,2022,CEAT,4,7,ELECTRIC,6315000,NO,IRON,150
HONDA,2020,MRF,5,4,ELECTRIC,6003000,YES,IRON,140
SUZUKI,2022,CEAT,4,5,DIESEL,5881000,YES,IRON,140
TATA,2026,MRF,2,6,DIESEL,1176000,YES,STEEL,30
HYUNDAI,2025,CEAT,2,4,PETROL,5264000,YES,ALUMINIUM,90
HYUNDAI,2026,CEAT,3,7,PETROL,1374000,NO,ALUMINIUM,190
BMW,2026,CEAT,5,5,PETROL,2432000,NO,IRON,90
SUZUKI,2025,CEAT,4,6,DIESEL,6901000,YES,ALUMINIUM,80
AUDI,2017,MRF,5,7,PETROL,2372000,NO,STEEL,120
HYUNDAI,2018,MRF,1,6,DIESEL,1369000,YES,IRON,150
HYUNDAI,2016,MRF,1,6,PETROL,7428000,YES,ALUMINIUM,50
HONDA,2020,CEAT,2,5,CNG,7950000,NO,IRON,240
BMW,2022,MRF,2,5,PETROL,533000,NO,ALUMINIUM,130
BMW,2023,CEAT,5,6,DIESEL,3124000,YES,IRON,170
HONDA,2023,CEAT,3,4,ELECTRIC,2462000,YES,IRON,160
BMW,2024,MRF,2,5,CNG,2169000,YES,ALUMINIUM,60
TATA,2024,MRF,3,4,PETROL,2445000,YES,STEEL,50
TATA,2024,CEAT,5,5,DIESEL,7703000,YES,STEEL,40
SUZUKI,2023,CEAT,4,4,DIESEL,2654000,YES,STEEL,130
TATA,2024,MRF,3,4,ELECTRIC,6168000,YES,ALUMINIUM,120
BMW,2026,CEAT,3,7,PETROL,308000,YES,STEEL,80
AUDI,2025,CEAT,1,5,ELECTRIC,2301000,NO,ALUMINIUM,140
HONDA,2019,CEAT,2,5,DIESEL,2742000,YES,STEEL,170
HYUNDAI,2026,CEAT,2,5,PETROL,6573000,YES,ALUMINIUM,30
HYUNDAI,2023,CEAT,5,6,PETROL,4020000,YES,IRON,90
SUZUKI,2023,CEAT,2,4,CNG,3019000,NO,STEEL,110
BMW,2026,CEAT,4,4,ELECTRIC,2323000,YES,STEEL,40
SUZUKI,2021,CEAT,4,7,CNG,519000,NO,STEEL,190
BMW,2021,MRF,2,6,PETROL,5071000,NO,ALUMINIUM,100
TATA,2018,MRF,4,5,ELECTRIC,3140000,NO,ALUMINIUM,160
HONDA,2025,MRF,2,7,ELECTRIC,6232000,YES,STEEL,130
TATA,2023,MRF,5,7,DIESEL,6136000,YES,STEEL,100
TATA,2024,CEAT,3,4,ELECTRIC,3529000,YES,IRON,180
AUDI,2019,MRF,4,6,PETROL,1056000,NO,IRON,250
SUZUKI,2024,MRF,3,6,CNG,684000,NO,STEEL,150
BMW,2026,CEAT,2,4,PETROL,4668000,YES,IRON,60
SUZUKI,2019,CEAT,2,6,CNG,2502000,YES,IRON,70
AUDI,2017,CEAT,3,5,CNG,3803000,YES,IRON,60
TATA,2016,MRF,4,7,CNG,1596000,YES,ALUMINIUM,100
TATA,2017,MRF,4,5,PETROL,638000,YES,IRON,120
BMW,2018,CEAT,1,7,ELECTRIC,6209000,YES,IRON,90
HONDA,2026,CEAT,5,6,CNG,3510000,NO,STEEL,200
TATA,2019,MRF,1,6,PETROL,4963000,YES,IRON,110
HONDA,2021,MRF,3,5,DIESEL,5441000,NO,STEEL,230
BMW,2020,CEAT,2,4,DIESEL,2424000,NO,IRON,190
HYUNDAI,2026,CEAT,3,4,PETROL,1516000,YES,ALUMINIUM,130
HYUNDAI,2018,CEAT,3,5,ELECTRIC,2324000,YES,STEEL,30
SUZUKI,2024,CEAT,3,5,PETROL,715000,YES,STEEL,160
TATA,2019,MRF,2,7,DIESEL,7716000,NO,ALUMINIUM,220
BMW,2025,CEAT,2,6,ELECTRIC,2874000,NO,IRON,170
BMW,2026,MRF,1,6,DIESEL,3734000,NO,IRON,180
HYUNDAI,2019,CEAT,3,5,PETROL,4737000,YES,STEEL,60
BMW,2022,MRF,1,7,DIESEL,7674000,YES,STEEL,100
BMW,2016,CEAT,4,7,ELECTRIC,1048000,YES,STEEL,40
SUZUKI,2016,MRF,2,6,CNG,7417000,YES,STEEL,20
HONDA,2025,MRF,3,5,ELECTRIC,3006000,YES,ALUMINIUM,30
HYUNDAI,2020,MRF,5,7,PETROL,7424000,NO,IRON,110
TATA,2021,CEAT,3,6,CNG,5909000,NO,STEEL,250
HYUNDAI,2022,MRF,2,6,DIESEL,6399000,YES,STEEL,160
TATA,2016,CEAT,5,5,ELECTRIC,1636000,NO,STEEL,170
BMW,2018,CEAT,3,4,DIESEL,2701000,YES,IRON,80
HYUNDAI,2016,MRF,3,6,CNG,6183000,YES,ALUMINIUM,80
HYUNDAI,2018,CEAT,4,7,PETROL,6180000,YES,STEEL,30
BMW,2026,CEAT,5,5,PETROL,4977000,YES,STEEL,100
HONDA,2017,CEAT,3,5,PETROL,1609000,YES,ALUMINIUM,140
HONDA,2024,CEAT,3,4,DIESEL,6002000,YES,STEEL,90
AUDI,2017,CEAT,2,7,ELECTRIC,1019000,YES,ALUMINIUM,60
TATA,2019,MRF,2,4,PETROL,3941000,YES,ALUMINIUM,130
SUZUKI,2019,CEAT,4,4,CNG,5155000,NO,IRON,160
AUDI,2025,MRF,4,6,ELECTRIC,1079000,NO,STEEL,110
HYUNDAI,2026,CEAT,5,4,ELECTRIC,4856000,NO,STEEL,160
HONDA,2018,MRF,5,5,CNG,5925000,NO,STEEL,200
HONDA,2018,CEAT,3,7,PETROL,6849000,NO,STEEL,250
HYUNDAI,2017,CEAT,4,7,PETROL,3718000,NO,STEEL,180
SUZUKI,2024,MRF,5,6,PETROL,2381000,YES,IRON,100
BMW,2021,MRF,1,5,DIESEL,4448000,YES,ALUMINIUM,90
BMW,2022,CEAT,3,5,DIESEL,2156000,NO,IRON,180
AUDI,2019,MRF,5,4,CNG,5538000,YES,STEEL,60
HYUNDAI,2017,MRF,1,7,ELECTRIC,1711000,NO,ALUMINIUM,180
TATA,2020,CEAT,2,6,PETROL,7690000,YES,STEEL,60
AUDI,2025,MRF,4,7,PETROL,2439000,NO,ALUMINIUM,200
BMW,2026,MRF,4,5,CNG,5271000,NO,ALUMINIUM,210
TATA,2020,CEAT,2,7,ELECTRIC,4799000,YES,STEEL,160
AUDI,2026,MRF,5,7,CNG,5181000,NO,STEEL,250
HYUNDAI,2020,MRF,1,7,CNG,4661000,YES,IRON,60
AUDI,2020,CEAT,2,7,CNG,6800000,NO,STEEL,190
BMW,2024,CEAT,4,5,ELECTRIC,2964000,YES,IRON,60
HYUNDAI,2021,MRF,1,6,CNG,2050000,NO,STEEL,130
BMW,2021,CEAT,5,5,CNG,3476000,NO,IRON,150
SUZUKI,2017,CEAT,5,6,PETROL,3583000,YES,STEEL,80
SUZUKI,2019,CEAT,2,5,CNG,2847000,YES,STEEL,40
TATA,2018,CEAT,4,4,DIESEL,6018000,YES,STEEL,160
